{
    "throughput_normalized": 82.421000,
    "energy_delay_product": 4636.620000
}
