{
    "throughput_normalized": 91.430600,
    "energy_delay_product": 5074.620000
}
