{
    "throughput_normalized": 97.194600,
    "energy_delay_product": 5525.500000
}
