{
    "throughput_normalized": 98.311400,
    "energy_delay_product": 5843.620000
}
