{
    "throughput_normalized": 90.855400,
    "energy_delay_product": 5412.300000
}
