{
    "throughput_normalized": 107.225000,
    "energy_delay_product": 6313.540000
}
